token,n,unique_ids
1,192,20
core,186,20
sample,130,33
0,118,3
ice,114,14
depth,113,19
station,111,16
measured,110,24
meters,106,15
soil,104,10
degrees,101,19
position,91,8
data,86,26
site,85,16
sampling,84,25
date,80,31
al,78,2
error,76,10
field,76,15
units,73,14
ble,70,9
layer,69,6
scan,68,3
upper,68,2
grid,67,3
"0,0",66,1
left,66,1
microns,66,1
phase,66,1
solution,66,1
top,66,16
identification,65,9
plot,65,7
total,65,16
latitude,64,23
longitude,64,23
column,63,16
measurement,62,15
time,62,18
type,62,25
program,61,9
valid,61,2
approximate,58,3
prior,57,2
standard,57,23
coordinates,56,14
quantity,56,2
flag,55,9
id,54,22
decimal,53,16
transect,52,5
center,51,7
water,51,21
200m,50,1
deviation,50,18
based,47,9
recorded,47,4
temperature,47,21
bottom,45,5
ratio,45,7
andrews,44,1
doi,44,1
signal,44,3
average,42,13
code,42,16
found,42,7
quality,42,4
5,41,8
lter,41,9
reported,41,5
day,40,10
distance,40,5
percent,39,12
scale,39,4
snow,39,9
surface,39,12
location,38,12
thickness,38,7
velocity,38,2
analyzed,37,2
dry,37,5
road,37,3
single,37,3
cover,36,4
notes,36,17
polygon,36,4
bromine,35,1
carbon,35,13
internal,35,9
mixing,35,2
monoxide,35,1
nan,35,1
bands,34,2
identified,34,2
parameter,34,2
analysis,33,9
angular,33,1
collected,33,15
defines,33,1
detector,33,1
diffraction,33,1
edax,33,1
forward,33,1
horizontal,33,1
information,33,8
lake,33,9
misfit,33,1
modeled,33,1
pattern,33,1
robust,33,1
scans,33,1
scatter,33,1
tsl,33,1
mm,32,14
yyyy,31,13
dataset,30,10
grain,30,5
hemisphere,30,3
level,30,12
northern,30,3
unique,30,5
lter's,29,9
mol,29,2
description,28,7
ease,28,2
note,28,12
2014,27,4
concentration,27,8
conditions,27,12
nest,27,1
plots,27,5
raw,27,3
role,27,9
catchment,26,1
retrieval,26,2
validy,26,1
aerosol,25,2
bro,25,1
cell,25,3
close,25,10
due,25,10
exact,25,10
freedom,25,1
identifier,25,8
osmosampler,25,7
processing,25,2
1.0,24,2
2,24,12
3408,24,2
6,24,7
8,24,4
carried,24,9
comments,24,6
epsg,24,2
massive,24,3
model,24,2
pmol,24,2
vicinity,24,9
weight,24,4
dd,23,13
dust,23,3
samples,23,7
trough,23,4
10.1029,22,1
10.1038,22,1
2001,22,1
2010jf001934,22,1
2018,22,1
amount,22,3
hoffman,22,1
isotope,22,8
jgr,22,1
nature13796,22,1
observation,22,5
stable,22,8
sy10,22,1
sy14,22,1
uncertainty,22,3
age,21,3
degree,21,8
density,21,2
estimated,21,6
lagoon,21,10
midpoint,21,2
relevant,21,4
tiller,21,1
topographic,21,2
methane,20,8
moisture,20,3
particles,20,2
species,20,7
survey,20,3
utc,20,3
vegetation,20,5
vertical,20,1
composition,19,8
elevation,19,4
fraction,19,3
ground,19,8
minute,19,3
organic,19,9
permil,19,8
relative,19,5
spectrometer,19,8
strings,19,2
text,19,2
weather,19,5
100,18,6
13c,18,7
additional,18,10
calculated,18,6
cavity,18,7
crds,18,7
daughter,18,1
delta,18,7
g220l,18,7
logger,18,10
middle,18,9
notation,18,7
numbered,18,2
photo,18,6
picarro,18,7
rate,18,4
ring,18,7
describes,17,1
determined,17,4
intermediate,17,3
north,17,8
00,16,2
18,16,2
gas,16,2
instruments,16,2
located,16,11
research,16,7
river,16,12
sum,16,3
t1,16,1
t2,16,1
taxonomic,16,1
tube,16,1
acetylene,15,1
assignment,15,2
coordinate,15,3
ethane,15,1
height,15,8
km,15,5
light,15,8
material,15,8
ocean,15,12
range,15,6
readme,15,1
system,15,4
basin,14,2
equation,14,4
frozen,14,3
hour,14,3
index,14,4
instrument,14,6
10,13,5
air,13,3
bird,13,1
centimeters,13,4
dbo,13,4
derived,13,3
difference,13,3
experiment,13,2
habitat,13,10
sighting,13,3
unknown,13,2
volume,13,4
7,12,3
borehole,12,6
cm,12,3
connectivity,12,1
lower,12,2
measurements,12,6
partial,12,2
season,12,9
table,12,5
wind,12,3
15,11,1
arctic,11,6
attribute,11,2
calculation,11,1
displacement,11,1
feature,11,3
human,11,3
humidity,11,2
hydrologic,11,3
lowest,11,2
mass,11,4
motion,11,1
moving,11,1
optical,11,1
propagating,11,1
ug,11,1
x_uncertainty,11,1
y_uncertainty,11,1
3,10,7
361nm,10,1
4km,10,1
59,10,1
alaska,10,6
animal,10,2
buoy,10,1
calendar,10,1
ce,10,1
class,10,6
coarse,10,1
common,10,1
control,10,2
cryostructures,10,3
dead,10,3
detection,10,3
disturbance,10,2
era,10,1
extinction,10,1
extraction,10,5
fine,10,1
ghaas,10,2
hz,10,1
initial,10,10
normalized,10,2
percentage,10,4
plant,10,2
represents,10,1
sea,10,7
speed,10,3
students,10,1
thaw,10,3
treatment,10,2
tropospheric,10,1
beginning,9,9
collection,9,6
content,9,1
definition,9,2
disturbed,9,2
geology,9,3
individual,9,5
label,9,3
liters,9,3
method,9,5
modified,9,2
month,9,5
nodes,9,8
observations,9,5
orcid,9,9
package,9,9
regime,9,2
representing,9,3
respect,9,1
size,9,8
smt,9,1
study,9,3
surname,9,9
types,9,2
values,9,5
wet,9,2
µg,9,1
12,8,3
2005,8,1
ablation,8,1
agc,8,2
algae,8,2
appears,8,1
archive,8,2
assigned,8,5
celsius,8,3
centered,8,1
database,8,2
drilling,8,3
equivalent,8,1
figure,8,1
final,8,1
global,8,2
gmt,8,1
hourly,8,3
includes,8,4
iodine,8,1
labeled,8,2
leaf,8,2
microrelief,8,2
millimeters,8,1
nitrogen,8,3
paper,8,1
pellicciotti,8,1
peptide,8,1
pressure,8,4
priority,8,7
resin,8,1
specific,8,5
status,8,3
student,8,1
times,8,1
transient,8,3
trees,8,1
wedge,8,1
002,7,7
1.5,7,2
16,7,2
64,7,7
64k,7,7
body,7,3
calculate,7,4
considered,7,1
count_fi,7,1
count_year,7,1
counted,7,3
dissolved,7,4
east,7,2
floating,7,1
growth,7,4
hobo,7,7
leaves,7,1
lux,7,7
main,7,1
measuring,7,3
mercury,7,1
moist,7,2
multiplied,7,1
onset,7,7
pendant,7,7
phosphate,7,2
photosynthesis,7,4
primary,7,4
quotient,7,1
replicate,7,2
report,7,1
rock,7,3
sequence,7,3
ua,7,7
zone,7,2
01,6,1
1984,6,1
active,6,3
attached,6,2
azimuth,6,1
block,6,3
bodies,6,3
book,6,1
category,6,3
centimeter,6,2
classification,6,1
codes,6,2
color,6,2
compiled,6,1
concentrations,6,3
correct,6,1
dated,6,4
datum,6,1
depths,6,1
duration,6,2
e.g,6,2
geodetic,6,1
gps,6,3
gravimetric,6,1
hh,6,2
horsetails,6,1
identity,6,2
lakes,6,3
length,6,4
limit,6,2
line,6,2
listed,6,6
m2,6,1
multiple,6,4
nitrate,6,3
oxygen,6,5
probability,6,1
proficient,6,1
published,6,1
quantum,6,1
radiocarbon,6,3
ranges,6,1
roadside,6,3
row,6,5
run,6,2
sampled,6,5
search,6,2
set,6,2
square,6,5
strip,6,1
surveyed,6,1
tree,6,1
uncalibrated,6,2
wgs84,6,1
world,6,1
yield,6,1
0.5,5,1
0.65,5,1
0.7,5,1
1.4,5,1
1950,5,1
1980,5,2
25,5,2
2km,5,1
30,5,1
4,5,3
abbreviated,5,3
aer_dof200,5,1
akdt,5,1
aot361nm,5,1
applied,5,2
background,5,1
beryllium,5,1
bro_dof200,5,1
bro_dofaloft,5,1
bro_dofs_fine,5,1
bro_ltvcd,5,1
bro_vcd_200,5,1
bryophytes,5,2
captured,5,1
centers,5,2
cims,5,1
cluster,5,1
combination,5,3
conductivity,5,1
corrected,5,1
count,5,2
current,5,2
d18o,5,2
ddthh:mm,5,2
deg,5,2
depletion,5,1
dew,5,2
dofs_fine,5,1
entry,5,3
exposure,5,2
frost,5,2
generalized,5,2
glacial,5,2
gravel,5,2
horizon,5,4
hour's,5,1
ibutton,5,2
identify,5,2
indicating,5,5
iso8601,5,2
landform,5,2
locations,5,2
lofted,5,1
low,5,2
ltvcd,5,1
margin,5,1
microsite,5,2
molecule,5,1
ng,5,1
nitrite,5,2
observed,5,4
occurring,5,1
picomol,5,1
pit,5,2
record,5,3
regression,5,2
school,5,1
section,5,4
sediment,5,5
separated,5,3
ship,5,2
significant,5,1
sites,5,2
solubility,5,1
spectra,5,1
stability,5,2
stamps,5,1
subtracted,5,1
tare,5,2
transmitter,5,1
typically,5,2
volumetric,5,2
walker,5,2
webber,5,2
2015,4,2
721x721,4,2
acrocarpous,4,2
adjusted,4,2
aggregation,4,1
airport,4,1
ammonia,4,2
ancillary,4,1
applies,4,1
aspect,4,2
bound,4,1
calibration,4,3
calm,4,1
capture,4,1
chick,4,1
chroma,4,2
coast,4,2
columns,4,1
compound,4,2
conjunction,4,1
contributor,4,1
ctd,4,2
curve,4,1
daily,4,2
days,4,3
default,4,1
degradation,4,1
degrading,4,1
disintegration,4,1
drilled,4,1
ect9,4,1
efficiency,4,2
empty,4,2
equator,4,2
esri,4,1
estimate,4,2
extractions,4,1
fate,4,1
fertilized,4,1
fertilizer,4,1
file,4,3
format,4,4
free,4,3
frequency,4,1
fum,4,1
hatch,4,1
hue,4,2
hydroxyl,4,1
icp,4,1
isolated,4,1
kilometers,4,3
list,4,3
matrix,4,2
mcd,4,1
melting,4,1
methyl,4,1
micro,4,1
million,4,1
molars,4,1
mole,4,1
moss,4,2
ms,4,1
na,4,1
named,4,3
nh4,4,1
noted,4,1
observers,4,2
outlet,4,2
parent,4,2
periods,4,1
photopoints,4,1
pleurocarpous,4,2
po4,4,1
project,4,1
protocol,4,1
radiation,4,1
radical,4,1
radio,4,1
refers,4,2
region,4,3
releves,4,1
replication,4,2
resolution,4,1
respiration,4,2
rim,4,1
sighted,4,1
slope,4,2
snowfence,4,2
spectrum,4,2
stake,4,1
suspended,4,1
teachers,4,1
thu,4,1
tissue,4,1
tn,4,1
toc,4,1
treeline,4,1
troughs,4,1
u.s,4,3
umol,4,4
version,4,2
waterbody,4,1
wave,4,2
wedges,4,1
0.01,3,2
08,3,2
1975,3,2
1st,3,1
2nb,3,1
95,3,1
acid,3,2
american,3,2
artifact,3,1
bioclimatic,3,1
bryo.cover,3,1
bulk,3,1
calculations,3,2
calibrated,3,1
calon,3,2
changed,3,1
cold,3,3
colon,3,2
confidence,3,1
constant,3,1
corer,3,1
datetime,3,1
dating,3,1
details,3,3
diatom,3,1
downstream,3,1
drill,3,3
elemental,3,1
factor,3,2
family,3,1
features,3,1
fence,3,2
flat,3,2
flow,3,2
form,3,3
formation,3,1
fumigated,3,1
functional,3,1
hh:mm:ss,3,1
integer,3,2
jan,3,1
key,3,1
lab,3,1
layers,3,1
live,3,1
logbook,3,1
loss,3,1
male,3,2
maximum,3,3
measure,3,3
median,3,2
meridian,3,1
methods,3,2
mg,3,2
microorganism,3,1
min,3,2
mother,3,1
movement,3,3
names,3,3
network,3,1
object,3,1
observer’s,3,2
occurred,3,2
organics,3,3
oscillation,3,1
patterned,3,1
perimeter,3,1
pertaining,3,1
pgf,3,1
phi,3,3
pond,3,2
poor,3,2
prime,3,1
provided,3,2
proxies,3,1
radium,3,1
reading,3,2
reason,3,2
reference,3,3
relation,3,2
residual,3,1
respective,3,1
retranslocation,3,1
rivers,3,3
rosette,3,3
salinity,3,1
scavenger,3,1
score,3,2
selected,3,2
semi,3,2
sensor,3,2
silva,3,1
similar,3,2
snowpack,3,1
sound,3,1
specimens,3,2
staff,3,2
standing,3,1
starting,3,1
subzone,3,1
summarizing,3,2
surficial,3,2
temperatures,3,3
unlimited,3,2
upstream,3,1
visibility,3,2
watershed,3,1
west,3,1
"1,2,3,4,5",2,1
1996,2,1
200,2,1
2011,2,1
2012,2,1
2013,2,1
2016,2,1
2019,2,1
223,2,1
226,2,1
2nd,2,1
2so4,2,1
3rd,2,1
43,2,2
4th,2,1
50,2,1
50.093,2,1
507,2,1
5g,2,1
69.415,2,1
a.s.l,2,1
absolute,2,2
accept,2,1
accuracy,2,1
added,2,1
adult,2,1
ak,2,1
alkenones,2,1
amines,2,1
ammonium,2,1
assessment,2,1
attendance,2,1
attributes,2,2
august,2,1
averaged,2,1
band,2,1
banding,2,1
barometric,2,1
base,2,1
berm,2,1
biological,2,1
blood,2,1
boil,2,1
bone,2,2
borehold,2,1
boreholds,2,1
boreholes,2,1
branched,2,1
built,2,1
c37,2,1
categorical,2,1
ch4,2,1
charge,2,1
checked,2,1
circumarctic,2,1
co2,2,1
coefficient,2,1
coincides,2,1
consistency,2,2
controls,2,1
coupler,2,1
crests,2,1
curves,2,2
decibars,2,2
declination,2,1
deed,2,1
department,2,1
deployed,2,2
descriptive,2,1
digit,2,1
digits,2,1
dioxide,2,1
distributed,2,1
district,2,1
divergent,2,1
doas,2,1
e02878,2,1
eastward,2,1
ecology,2,1
education,2,1
element,2,2
ellison,2,1
enrollment,2,1
ephippia,2,1
epoch,2,1
equiv,2,1
equivalents,2,1
ethnicity,2,1
events,2,2
evidence,2,1
excluded,2,1
exotics,2,1
expansion,2,1
falls,2,1
feeders,2,1
fetch,2,1
filter,2,2
filters,2,2
fit,2,2
flake,2,1
foxx,2,1
freezing,2,1
fungal,2,1
funguild,2,1
gauge,2,1
gdgts,2,1
gender,2,1
genus,2,1
geobotany,2,2
glass,2,2
glucose,2,1
grade,2,1
graduation,2,1
guild,2,1
gull,2,1
hare,2,1
heading,2,1
heavy,2,2
hhmmss,2,1
hole,2,2
homogenized,2,1
hours,2,1
i.e,2,1
ibutton's,2,1
identifies,2,2
impact,2,1
included,2,1
indian,2,1
individuals,2,1
induce,2,1
initials,2,1
inside,2,2
jar2,2,1
jpc,2,1
june,2,1
katabatic,2,1
kcl,2,1
km2,2,1
l2130,2,1
land,2,1
larger,2,1
largest,2,1
leu,2,1
leucine,2,1
liter,2,1
litter,2,2
living,2,1
mammal,2,1
marine,2,1
match,2,1
mathematics,2,1
matter,2,2
melt,2,1
metagenomeids,2,1
metal,2,1
minutes,2,1
ml,2,2
mycorrhizal,2,1
nanograms,2,1
native,2,1
net,2,2
nitric,2,1
nmol,2,1
no3,2,1
northward,2,1
npk,2,1
nutrition,2,1
observatory,2,1
offered,2,1
offset,2,1
operational,2,1
p2o5,2,1
paranthesis,2,1
pco2,2,1
peat,2,1
penetrating,2,1
peptides,2,1
ph,2,2
phosphorus,2,1
phylum,2,1
physical,2,2
pluralis,2,1
pore,2,1
portion,2,2
potassium,2,1
potential,2,1
precision,2,2
profile,2,2
proportion,2,2
protein,2,1
psm,2,1
publicly,2,1
quadrat,2,1
radiometer,2,1
radon,2,1
rain,2,1
rainfall,2,2
rates,2,2
reduce,2,1
reducing,2,1
regions,2,1
resighted,2,1
retention,2,1
rfu,2,1
rough,2,2
s.b,2,1
salt,2,1
sar,2,1
sbe,2,2
scavenge,2,1
scheme,2,2
scored,2,1
sec,2,1
segment,2,1
septermber,2,1
serial,2,1
sets,2,1
setting,2,1
sex,2,1
shortwave,2,1
sightings,2,1
silicate,2,1
snowdrifts,2,1
snowfences,2,1
sorting,2,2
source,2,2
spectral,2,1
stations,2,2
steffen,2,1
stem,2,1
stop,2,1
strips,2,1
structure,2,2
subsite,2,1
sugar,2,1
sugars,2,1
summer,2,2
synthesis,2,1
tables,2,2
terms,2,1
texture,2,2
thermal,2,2
thermokarst,2,1
threshold,2,1
tile,2,1
timestamp,2,1
timing,2,1
tip,2,1
trimble,2,1
undecomposed,2,2
unisense,2,1
unit,2,2
unnamed,2,2
waves,2,1
winter,2,2
writing,2,1
written,2,2
ws,2,2
www.arcticlakes.org,2,1
μg,2,2
0.0119,1,1
0.062,1,1
0.0766,1,1
0.08,1,1
0.1,1,1
0.1255,1,1
0.2,1,1
0.4623,1,1
1417300,1,1
16044,1,1
179,1,1
181,1,1
18o,1,1
1950s,1,1
210,1,1
222,1,1
222radon,1,1
24,1,1
271,1,1
36,1,1
63,1,1
90,1,1
aarhus,1,1
absence,1,1
absorption,1,1
abundance,1,1
abundances,1,1
accelerator,1,1
accession,1,1
account,1,1
accounting,1,1
accumulated,1,1
accumulation,1,1
acres,1,1
adjacent,1,1
aerosols,1,1
agency,1,1
aggregated,1,1
alison,1,1
aliss,1,1
alteration,1,1
amps,1,1
angles,1,1
antarctic,1,1
appended,1,1
applys,1,1
arc,1,1
archives,1,1
array,1,1
artifacts,1,1
aspects,1,1
assignments,1,1
atlantic,1,1
atoms,1,1
auger,1,1
aveobservedicethickness_cm,1,1
baffin,1,1
banded,1,1
bare,1,1
basepairs,1,1
bay,1,1
belong,1,1
belongs,1,1
benthic,1,1
biovolume,1,1
blank,1,1
blanks,1,1
blocked,1,1
board,1,1
boundary,1,1
bounding,1,1
boxes,1,1
bp,1,1
brackets,1,1
brackish,1,1
breakup,1,1
buffer,1,1
california,1,1
captures,1,1
catalog,1,1
category1,1,1
category2,1,1
caused,1,1
cells,1,1
celluslose,1,1
censor,1,1
censored,1,1
central,1,1
cf,1,1
change,1,1
char,1,1
characteristics,1,1
characters,1,1
chrysophyte,1,1
chukchi,1,1
citation,1,1
clarity,1,1
clay,1,1
closest,1,1
cloth,1,1
clutch,1,1
collagen,1,1
colonies,1,1
combinations,1,1
combo,1,1
commenced,1,1
comment,1,1
communicated,1,1
community,1,1
comparison,1,1
compete,1,1
completeness,1,1
composites,1,1
comprised,1,1
concealed,1,1
conductive,1,1
confused,1,1
connected,1,1
consisting,1,1
contact,1,1
contacting,1,1
contents,1,1
convenient,1,1
coralline,1,1
cored,1,1
cores,1,1
coring,1,1
correction,1,1
correspond,1,1
corresponds,1,1
cortex,1,1
counts,1,1
covered,1,1
creators,1,1
creek,1,1
crest,1,1
criteria,1,1
crustose,1,1
cubed,1,1
cubic,1,1
culmen,1,1
cultivation,1,1
curly,1,1
cut,1,1
cuvette,1,1
cycle,1,1
cysts,1,1
d18o_corrected,1,1
d3,1,1
damming,1,1
data_cite,1,1
dates,1,1
daylight,1,1
defined,1,1
delivery,1,1
denmark,1,1
denoting,1,1
deployment,1,1
deposits,1,1
descriptions,1,1
detached,1,1
determine,1,1
devices,1,1
diatoma,1,1
differential,1,1
differing,1,1
digital,1,1
dilution,1,1
diploneis,1,1
direction,1,1
directly,1,1
discriminate,1,1
dissolved_mercury_flag,1,1
distribution,1,1
dna,1,1
document,1,1
doppler,1,1
dorsal,1,1
drawn,1,1
dunlin,1,1
duplicates,1,1
earth,1,1
eastern,1,1
ebullition,1,1
ec,1,1
ecosystem,1,1
ecotox,1,1
edge,1,1
editor,1,1
efficient,1,1
egg,1,1
elson,1,1
eml,1,1
emplacement,1,1
enclosed,1,1
energy,1,1
entity,1,1
environment,1,1
eruption,1,1
estimation,1,1
etip,1,1
evapotranspiration,1,1
event,1,1
exist,1,1
exotic,1,1
experiments,1,1
expression,1,1
extends,1,1
extent,1,1
facility,1,1
failure,1,1
female,1,1
final_wt,1,1
finding,1,1
finished,1,1
fixer,1,1
flags,1,1
flotation,1,1
flowcam,1,1
fluorescence,1,1
flux,1,1
foliose,1,1
forams,1,1
forms,1,1
fragment,1,1
fragmental,1,1
freshwater,1,1
function,1,1
gaining,1,1
generated,1,1
generic,1,1
geodatabase,1,1
geodatabases,1,1
geographic,1,1
geographiccoverage,1,1
geomorphology,1,1
ggc,1,1
giant,1,1
gnis,1,1
gpr,1,1
grains,1,1
grams,1,1
gravity,1,1
gut,1,1
h2o,1,1
half,1,1
hargreaves,1,1
hatched,1,1
hatching,1,1
heating,1,1
hh:mm,1,1
history,1,1
homogenization,1,1
host,1,1
huc8,1,1
hydric,1,1
hyperlinks,1,1
hypobromous,1,1
iho35cl,1,1
iho37cl,1,1
iho79br,1,1
iho81br,1,1
ihoi,1,1
illuminated,1,1
image,1,1
immune,1,1
incidental,1,1
incl,1,1
including,1,1
initiation,1,1
inspection,1,1
installed,1,1
instance,1,1
instances,1,1
integrity,1,1
interfaced,1,1
interpretive,1,1
irvine,1,1
isolate,1,1
isolates,1,1
isomer,1,1
isomeric,1,1
jaeger,1,1
jam,1,1
jarvis,1,1
jumbo,1,1
keck,1,1
kelps,1,1
ketones,1,1
lai,1,1
landfill,1,1
life,1,1
likelihood,1,1
linear,1,1
lines,1,1
linked,1,1
links,1,1
lithic,1,1
locality,1,1
log,1,1
logistics,1,1
lost,1,1
macrofossil,1,1
macrotopography,1,1
manipulated,1,1
manipulation,1,1
manual,1,1
marginestriata,1,1
materials,1,1
maxim,1,1
mc,1,1
measurment,1,1
mechanism,1,1
media,1,1
mesic,1,1
metabolism,1,1
meter,1,1
methodology,1,1
microbial,1,1
microbiota,1,1
microscope,1,1
microsensors,1,1
microtopography,1,1
millivolts,1,1
mineral,1,1
minimum,1,1
mixed,1,1
modifier,1,1
module,1,1
molar,1,1
moment,1,1
mon,1,1
monobromide,1,1
monthly,1,1
mosaic,1,1
mound,1,1
mouth,1,1
multi,1,1
multicolor,1,1
multimeter,1,1
museum,1,1
name_year_voyage,1,1
narrative,1,1
national,1,1
natural,1,1
navigation,1,1
nearest,1,1
negative,1,1
newc,1,1
node,1,1
noon,1,1
northwest,1,1
notable,1,1
nsf,1,1
nutrient,1,1
nutrients,1,1
o2,1,1
objectives,1,1
observationday,1,1
observer,1,1
occurrence,1,1
oct,1,1
original,1,1
originally,1,1
otu,1,1
otus,1,1
overflow,1,1
owl,1,1
pacific,1,1
pack,1,1
page,1,1
participates,1,1
pb,1,1
pellet,1,1
period,1,1
permafrost,1,1
pg,1,1
photographer,1,1
phycoerythrin,1,1
picked,1,1
pigment,1,1
pilot,1,1
piston,1,1
plan,1,1
platform,1,1
plotted,1,1
plottype,1,1
polarstern,1,1
pollen,1,1
porewater,1,1
portions,1,1
positive,1,1
post,1,1
ppm,1,1
practical,1,1
precipitable,1,1
precipitation,1,1
presence,1,1
previous,1,1
produced,1,1
production,1,1
programs,1,1
proofing,1,1
proper,1,1
proportional,1,1
publication,1,1
publish,1,1
purgeable,1,1
quartz,1,1
randomly,1,1
rare,1,1
rbr,1,1
reaction,1,1
read,1,1
recaptures,1,1
recording,1,1
recovered,1,1
red,1,1
redox,1,1
refer,1,1
releve,1,1
remarks,1,1
replacement,1,1
representative,1,1
required,1,1
resighting,1,1
resightings,1,1
responsible,1,1
result,1,1
results,1,1
retrieved,1,1
root,1,1
round,1,1
routine,1,1
rozen,1,1
running,1,1
saline,1,1
savings,1,1
science,1,1
sciences,1,1
seafet,1,1
seafloor,1,1
sept,1,1
sequential,1,1
shape,1,1
share,1,1
sheet,1,1
shoreline,1,1
shortened,1,1
shorthand,1,1
shrub,1,1
si_t4_oc,1,1
sigma,1,1
siteinfo,1,1
slow,1,1
sorted,1,1
south,1,1
spacing,1,1
spectrometry,1,1
spectroscopy,1,1
spore,1,1
stained,1,1
standards,1,1
start,1,1
stationary,1,1
stefan,1,1
steward,1,1
stopped,1,1
strain,1,1
structures,1,1
studied,1,1
subregion,1,1
subsample,1,1
successful,1,1
sullivan,1,1
surfaces,1,1
surveys,1,1
suspension,1,1
swabbed,1,1
switch,1,1
tablet,1,1
tablets,1,1
tape,1,1
target,1,1
tarsus,1,1
taxa,1,1
taxonomy,1,1
tc,1,1
tcm,1,1
technician,1,1
teleconnection,1,1
temps,1,1
tenth,1,1
tephra,1,1
term,1,1
terrain,1,1
tests,1,1
thermistor,1,1
timeblock,1,1
tips,1,1
title,1,1
total_head,1,1
trace,1,1
transfer,1,1
transformed,1,1
transmissivity,1,1
transport,1,1
tubes,1,1
tundra,1,1
typology,1,1
unable,1,1
uncertain,1,1
underwater,1,1
unicalibrated,1,1
uniqueid,1,1
uniquely,1,1
univeristy,1,1
university,1,1
unmeasured,1,1
upland,1,1
uppermost,1,1
urls,1,1
usa,1,1
valves,1,1
varies,1,1
vegeid,1,1
vegetated,1,1
verification,1,1
versioned,1,1
vial,1,1
visited,1,1
volcanic,1,1
voltage,1,1
vulgaris,1,1
wanninkhof,1,1
warmth,1,1
wavelength,1,1
wbd_huc8,1,1
week,1,1
western,1,1
willow,1,1
window,1,1
wing,1,1
withheld,1,1
www.arcticlakeice.org,1,1
xeric,1,1
zenith,1,1
zeroth,1,1
µm,1,1
